﻿<?xml version="1.0" encoding="utf-8" ?>
<Defs>

  <RulePackDef>
    <defName>NamerPersonZabrakM</defName>
    <rulePack>
      <rulesStrings>
        <li>name->[ZabrakfirstM] [Zabraklast]</li>
        <li>name->[badasszab] [ZabrakfirstM]</li>
        <li>name->[ZabrakfirstM] '[badasszab]' [Zabraklast]</li>
        <li>name->[ZabrakfirstM] [badasszab]</li>

      </rulesStrings>
      <rulesRaw>
        <li Class="Rule_File">
          <keyword>ZabrakfirstM</keyword>
          <path>Zabrak_Names/ZabrakM</path>
        </li>
        <li Class="Rule_File">
          <keyword>Zabraklast</keyword>
          <path>Zabrak_Names/Zabraklast</path>
        </li>
        <li Class="Rule_File">
          <keyword>badasszab</keyword>
          <path>Zabrak_Names/Concepts_Zabrak</path>
        </li>
      </rulesRaw>
    </rulePack>
  </RulePackDef>

  <RulePackDef>
    <defName>NamerPersonZabrakF</defName>
    <rulePack>
      <rulesStrings>
        <li>name->[ZabrakfirstF] [Zabraklast]</li>
        <li>name->[badasszab] [ZabrakfirstF]</li>
        <li>name->[ZabrakfirstF] '[badasszab]' [Zabraklast]</li>
        <li>name->[ZabrakfirstF] [badasszab]</li>

      </rulesStrings>
      <rulesRaw>
        <li Class="Rule_File">
          <keyword>ZabrakfirstF</keyword>
          <path>Zabrak_Names/ZabrakF</path>
        </li>
        <li Class="Rule_File">
          <keyword>Zabraklast</keyword>
          <path>Zabrak_Names/Zabraklast</path>
        </li>
        <li Class="Rule_File">
          <keyword>badasszab</keyword>
          <path>Zabrak_Names/Concepts_Zabrak</path>
        </li>
      </rulesRaw>
    </rulePack>
  </RulePackDef>

</Defs>