<?xml version="1.0" encoding="utf-8" ?>
<Defs>

<AlienRace.BackstoryDef>
    <defName>ZabrakMonk</defName>
    <title>Battle monk</title>
	<titleShort>Monk</titleShort>
    <baseDescription>[PAWN_nameDef] was born in an ancient monastery devoted to martial arts. [PAWN_pronoun] was raised to master various forms of physical combat and extend [PAWN_possessive] physical limitations.</baseDescription>
    <slot>Childhood</slot>
	<bodyTypeFemale>Female</bodyTypeFemale>
	<bodyTypeMale>Male</bodyTypeMale>
	<bodyTypeGlobal>Thin</bodyTypeGlobal>
	<maleCommonality>20</maleCommonality>
	<femaleCommonality>20</femaleCommonality>
    <spawnCategories>
      <li>ZabrakBackstory</li>
    </spawnCategories>
    <skillGains>
      <li>
        <defName>Social</defName>
        <amount>2</amount>
      </li>
	  <li>
        <defName>Melee</defName>
        <amount>4</amount>
      </li>
	  <li>
        <defName>Plants</defName>
        <amount>4</amount>
      </li>
    </skillGains>
</AlienRace.BackstoryDef>

<AlienRace.BackstoryDef>
    <defName>ZabrakMonkAdl</defName>
    <title>Battle monk</title>
	<titleShort>Monk</titleShort>
    <baseDescription>[PAWN_nameDef] spent [PAWN_possessive] adolescent years training in an ancient monastery devoted to martial arts. [PAWN_pronoun] has masterered several forms of physical combat and extended [PAWN_possessive] physical limitations.</baseDescription>
    <slot>Adulthood</slot>
	<bodyTypeFemale>Female</bodyTypeFemale>
	<bodyTypeMale>Male</bodyTypeMale>
	<bodyTypeGlobal>Thin</bodyTypeGlobal>
	<maleCommonality>20</maleCommonality>
	<femaleCommonality>20</femaleCommonality>
    <spawnCategories>
      <li>ZabrakBackstory</li>
    </spawnCategories>
    <skillGains>
      <li>
        <defName>Social</defName>
        <amount>2</amount>
      </li>
	  <li>
        <defName>Melee</defName>
        <amount>8</amount>
      </li>
	  <li>
        <defName>Plants</defName>
        <amount>4</amount>
      </li>
    </skillGains>
</AlienRace.BackstoryDef>

<AlienRace.BackstoryDef>
    <defName>ZabrakTribalAdult</defName>
    <title>Tribesman</title>
	<titleShort>Tribesman</titleShort>
    <baseDescription>Most of the Zabrak people are simple tribesmen and women, like [PAWN_nameDef]. A hardy people, due to the harsh environment.</baseDescription>
    <slot>Adulthood</slot>
    <spawnCategories>
      <li>ZabrakBackstory</li>
    </spawnCategories>
	<bodyTypeFemale>Female</bodyTypeFemale>
	<bodyTypeMale>Male</bodyTypeMale>
	<bodyTypeGlobal>Thin</bodyTypeGlobal>
	<maleCommonality>80</maleCommonality>
	<femaleCommonality>80</femaleCommonality>
    <skillGains>
      <li>
        <defName>Construction</defName>
        <amount>4</amount>
      </li>
	        <li>
        <defName>Crafting</defName>
        <amount>4</amount>
      </li>
    </skillGains>
</AlienRace.BackstoryDef>

<AlienRace.BackstoryDef>
  <defName>ZabrakTribal</defName>
  <title>Tribechild</title>
	<titleShort>Tribechild</titleShort>
    <baseDescription>Most of the Zabrak people are simple tribesmen and women, like [PAWN_nameDef]. A hardy people, due to the harsh environment.</baseDescription>
    <slot>Childhood</slot>
	<bodyTypeFemale>Female</bodyTypeFemale>
	<bodyTypeMale>Male</bodyTypeMale>
	<bodyTypeGlobal>Thin</bodyTypeGlobal>
	<maleCommonality>20</maleCommonality>
	<femaleCommonality>20</femaleCommonality>
    <skillGains>
      <li>
        <defName>Construction</defName>
        <amount>4</amount>
      </li>
	        <li>
        <defName>Crafting</defName>
        <amount>4</amount>
      </li>
    </skillGains>
    <spawnCategories>
      <li>ZabrakBackstory</li>
    </spawnCategories>
</AlienRace.BackstoryDef>

<AlienRace.BackstoryDef>
    <defName>ZabrakBuilder</defName>
    <title>Hut builder</title>
	<titleShort>Builder</titleShort>
    <baseDescription>Facing the rough winter nights makes you appreciate a good hut. As such, a good builder like [PAWN_nameDef] is a valued member of any Zabrak community.</baseDescription>
    <slot>Adulthood</slot>
	<bodyTypeFemale>Female</bodyTypeFemale>
	<bodyTypeMale>Male</bodyTypeMale>
	<bodyTypeGlobal>Thin</bodyTypeGlobal>
	<maleCommonality>20</maleCommonality>
	<femaleCommonality>20</femaleCommonality>
    <skillGains>
      <li>
        <defName>Crafting</defName>
        <amount>2</amount>
      </li>
	        <li>
        <defName>Construction</defName>
        <amount>4</amount>
      </li>
    </skillGains>
    <spawnCategories>
      <li>ZabrakBackstory</li>
    </spawnCategories>
</AlienRace.BackstoryDef>

    <AlienRace.BackstoryDef>
    <defName>ZabrakSpacerKid</defName>
    <title>Spacer zabrak</title>
    <titleShort>Z-Spacer</titleShort>
    <baseDescription>[PAWN_nameDef] was born on the family's moving home - a sublight long-haul cargo cruiser. As one of the few space-faring [PAWN_kind], [PAWN_pronoun] grew up learning to wheel, deal, and steal enough to keep the ship in spaceworthy condition and delivering cargo on schedule.</baseDescription>
    <slot>Childhood</slot>
	<bodyTypeFemale>Female</bodyTypeFemale>
	<bodyTypeMale>Male</bodyTypeMale>
	<maleCommonality>20</maleCommonality>
	<femaleCommonality>20</femaleCommonality>
    <skillGains>
          <li>
        <defName>Construction</defName>
        <amount>6</amount>
      </li>
      <li>
        <defName>Social</defName>
        <amount>4</amount>
      </li>
      <li>
        <defName>Crafting</defName>
        <amount>3</amount>
      </li>
    </skillGains>
    <spawnCategories>
      <li>ZabrakBackstory</li>
    </spawnCategories>
    </AlienRace.BackstoryDef>

        <AlienRace.BackstoryDef>
    <defName>ZabrakTheif</defName>
    <title>Zabrak theif</title>
    <titleShort>Z-theif</titleShort>
    <baseDescription>[PAWN_nameDef] lived out [PAWN_possessive] childhood as a theif, stealing what [PAWN_pronoun] needed to survive.</baseDescription>
    <slot>Childhood</slot>
	<bodyTypeFemale>Female</bodyTypeFemale>
	<bodyTypeMale>Male</bodyTypeMale>
	<maleCommonality>20</maleCommonality>
	<femaleCommonality>20</femaleCommonality>
    <skillGains>
          <li>
        <defName>Construction</defName>
        <amount>2</amount>
      </li>
      <li>
        <defName>Social</defName>
        <amount>4</amount>
      </li>
      <li>
        <defName>Crafting</defName>
        <amount>4</amount>
      </li>
    </skillGains>
    <spawnCategories>
      <li>ZabrakBackstory</li>
    </spawnCategories>
    </AlienRace.BackstoryDef>

	    <AlienRace.BackstoryDef>
    <defName>ZabrakAdopt</defName>
    <title>Adopted alien</title>
    <titleShort>Adopted</titleShort>
    <baseDescription>Rescued from a strange escape pod, [PAWN_nameDef] was taken in and raised by an old farmer and his wife. Though [PAWN_pronoun] never got the hang of farming, [PAWN_possessive] great strength was a life-saver for the elderly Kents...</baseDescription>
    <slot>Childhood</slot>
    <bodyTypeGlobal>Hulk</bodyTypeGlobal>
      <spawnCategories>
      <li>ZabrakBackstory</li>
    </spawnCategories>
	<maleCommonality>20</maleCommonality>
	<femaleCommonality>20</femaleCommonality>
    <skillGains>
          <li>
        <defName>Plants</defName>
        <amount>-6</amount>
      </li>
      <li>
        <defName>Animals</defName>
        <amount>4</amount>
      </li>
      <li>
        <defName>Construction</defName>
        <amount>4</amount>
      </li>
        <li>
        <defName>Crafting</defName>
        <amount>2</amount>
      </li>
    </skillGains>
    </AlienRace.BackstoryDef>


    <AlienRace.BackstoryDef>
    <defName>ZabrakTribekid</defName>
    <title>Zabrak tribe kid</title>
    <titleShort>Zabrak</titleShort>
    <baseDescription>[PAWN_nameDef] was born in a small village. [PAWN_pronoun] had to learn to carry [PAWN_possessive] weight and contribute to the well-being of the tribe from an early age.</baseDescription>
    <slot>Childhood</slot>
	<bodyTypeFemale>Female</bodyTypeFemale>
	<bodyTypeMale>Male</bodyTypeMale>
	<bodyTypeGlobal>Thin</bodyTypeGlobal>
	<maleCommonality>80</maleCommonality>
	<femaleCommonality>80</femaleCommonality>
    <skillGains>
      <li>
        <defName>Social</defName>
        <amount>2</amount>
      </li>
      <li>
        <defName>Construction</defName>
        <amount>2</amount>
      </li>
      <li>
        <defName>Plants</defName>
        <amount>2</amount>
      </li>
    </skillGains>
    <spawnCategories>
      <li>ZabrakBackstory</li>
    </spawnCategories>
  </AlienRace.BackstoryDef>

    <AlienRace.BackstoryDef>
    <defName>ZabrakCoreKid</defName>
    <title>Zabrak crafter</title>
    <titleShort>Crafter</titleShort>
    <baseDescription>[PAWN_nameDef] has always been making little things for [PAWN_possessive] family. Naturally, they encouraged his skill with craftsmanship, and [PAWN_pronoun] is developing into quite the artisan.</baseDescription>
    <bodyTypeMale>Thin</bodyTypeMale>
    <bodyTypeFemale>Thin</bodyTypeFemale>
    <slot>Childhood</slot>
	<maleCommonality>20</maleCommonality>
	<femaleCommonality>40</femaleCommonality>
    <skillGains>
      <li>
        <defName>Social</defName>
        <amount>2</amount>
      </li>
	  <li>
        <defName>Crafting</defName>
        <amount>4</amount>
      </li>
    </skillGains>
    <spawnCategories>
      <li>ZabrakBackstory</li>
    </spawnCategories>
  </AlienRace.BackstoryDef>

    <AlienRace.BackstoryDef>
    <defName>ZabrakWeapon</defName>
    <title>Weaponsmith</title>
    <titleShort>Weaponsmith</titleShort>
    <baseDescription>[PAWN_nameDef] found [PAWN_pronoun] had a natural talent and love for making blades and weaponry. [PAWN_pronoun] has made sure [PAWN_possessive] tribe has the finest weapons [PAWN_pronoun] can craft.</baseDescription>
    <bodyTypeMale>Male</bodyTypeMale>
    <bodyTypeFemale>Female</bodyTypeFemale>
    <slot>Adulthood</slot>
	<maleCommonality>40</maleCommonality>
	<femaleCommonality>20</femaleCommonality>
    <skillGains>
      <li>
        <defName>Shooting</defName>
        <amount>3</amount>
      </li>
      <li>
        <defName>Crafting</defName>
        <amount>5</amount>
      </li>
    </skillGains>
    <spawnCategories>
      <li>ZabrakBackstory</li>
    </spawnCategories>
  </AlienRace.BackstoryDef>

   <AlienRace.BackstoryDef>
    <defName>ZabrakMedic</defName>
    <title>Zabrak healer</title>
    <titleShort>Healer</titleShort>
    <baseDescription>[PAWN_nameDef] tends the wounds of the warriors and hunters wounded in combat, and tends to the more mundane illnesses, fevers and injuries among the tribe. [PAWN_pronoun] is very well respected for [PAWN_possessive] talents.</baseDescription>
    <bodyTypeGlobal>Thin</bodyTypeGlobal>
    <slot>Adulthood</slot>
	<maleCommonality>20</maleCommonality>
	<femaleCommonality>20</femaleCommonality>
    <skillGains>
      <li>
        <defName>Intellectual</defName>
        <amount>6</amount>
      </li>
      <li>
        <defName>Medicine</defName>
        <amount>6</amount>
      </li>
    </skillGains>
    <spawnCategories>
      <li>ZabrakBackstory</li>
    </spawnCategories>
  </AlienRace.BackstoryDef>

  <AlienRace.BackstoryDef>
  <defName>Zabrakherb</defName>
    <title>Zabrak herbalist</title>
    <titleShort>Herbalist</titleShort>
    <baseDescription>[PAWN_nameDef] cultivates, harvests, and utilizes [PAWN_possessive] herbs to create many various food additives and curatives.</baseDescription>
    <bodyTypeGlobal>Thin</bodyTypeGlobal>
    <slot>Adulthood</slot>
	<maleCommonality>25</maleCommonality>
	<femaleCommonality>25</femaleCommonality>
    <skillGains>
      <li>
        <defName>Crafting</defName>
        <amount>6</amount>
      </li>
      <li>
        <defName>Medicine</defName>
        <amount>4</amount>
      </li>
      <li>
        <defName>Plants</defName>
        <amount>6</amount>
      </li>
    </skillGains>
    <spawnCategories>
      <li>ZabrakBackstory</li>
    </spawnCategories>
  </AlienRace.BackstoryDef>

  <AlienRace.BackstoryDef>
    <defName>ZabrakHunterBS</defName>
    <title>Zabrak hunter</title>
    <titleShort>Hunter</titleShort>
    <baseDescription>[PAWN_nameDef] is a hunter. [PAWN_pronoun] makes sure [PAWN_possessive] tribe is well fed, learning the game paths and watering holes. HE makes sure to keep the predators down as well, for [PAWN_possessive] own people, and the game they share.</baseDescription>
    <bodyTypeMale>Male</bodyTypeMale>
    <bodyTypeFemale>Female</bodyTypeFemale>
    <slot>Adulthood</slot>
	<maleCommonality>30</maleCommonality>
	<femaleCommonality>30</femaleCommonality>
    <skillGains>
      <li>
        <defName>Animals</defName>
        <amount>6</amount>
      </li>
      <li>
        <defName>Social</defName>
        <amount>2</amount>
      </li>
	  <li>
        <defName>Shooting</defName>
        <amount>2</amount>
      </li>
    </skillGains>
    <spawnCategories>
      <li>ZabrakBackstory</li>
    </spawnCategories>
  </AlienRace.BackstoryDef>


  <AlienRace.BackstoryDef>
    <defName>FighterZabrak</defName>
    <title>Zabrak fighter</title>
    <titleShort>Fighter</titleShort>
    <baseDescription>[PAWN_nameDef] is a rank-and-file soldier for his tribe. [PAWN_pronoun] keeps dangerous creatures or people from attacking the village, sometimes perhaps raiding other tribes for supplies or people... perhaps.</baseDescription>
    <bodyTypeMale>Male</bodyTypeMale>
    <bodyTypeFemale>Female</bodyTypeFemale>
    <slot>Adulthood</slot>
	<maleCommonality>30</maleCommonality>
	<femaleCommonality>30</femaleCommonality>
    <skillGains>
      <li>
        <defName>Shooting</defName>
        <amount>5</amount>
      </li>
      <li>
        <defName>Melee</defName>
        <amount>5</amount>
      </li>
    </skillGains>
    <spawnCategories>
      <li>ZabrakBackstory</li>
    </spawnCategories>
  </AlienRace.BackstoryDef>

    <AlienRace.BackstoryDef>
    <defName>ConscriptZabrak</defName>
    <title>Zabrak conscript</title>
    <titleShort>Conscript</titleShort>
    <baseDescription>[PAWN_nameDef] was conscripted into a medeival army, and trained as a soldier..</baseDescription>
    <bodyTypeMale>Male</bodyTypeMale>
    <bodyTypeFemale>Female</bodyTypeFemale>
    <slot>Adulthood</slot>
	<maleCommonality>30</maleCommonality>
	<femaleCommonality>30</femaleCommonality>
    <skillGains>
      <li>
        <defName>Shooting</defName>
        <amount>5</amount>
      </li>
      <li>
        <defName>Melee</defName>
        <amount>5</amount>
      </li>
    </skillGains>
    <spawnCategories>
      <li>ZabrakBackstory</li>
    </spawnCategories>
  </AlienRace.BackstoryDef>

    <AlienRace.BackstoryDef>
    <defName>CMDZabrak</defName>
    <title>Zabrak champion</title>
    <titleShort>Champion</titleShort>
    <baseDescription>[PAWN_nameDef] is [PAWN_possessive] people's champion. [PAWN_pronoun] has slain monsters, fought duels, and all the usual champion guff.</baseDescription>
    <bodyTypeMale>Male</bodyTypeMale>
    <bodyTypeFemale>Female</bodyTypeFemale>
    <slot>Adulthood</slot>
	<maleCommonality>20</maleCommonality>
	<femaleCommonality>20</femaleCommonality>
    <skillGains>
      <li>
        <defName>Shooting</defName>
        <amount>6</amount>
      </li>
      <li>
        <defName>Melee</defName>
        <amount>6</amount>
      </li>
    </skillGains>
    <spawnCategories>
      <li>ZabrakBackstory</li>
    </spawnCategories>
  </AlienRace.BackstoryDef>

    <AlienRace.BackstoryDef>
    <defName>ZabrakSpacerAdult</defName>
    <title>Space trader</title>
    <titleShort>Spacer</titleShort>
    <baseDescription>[PAWN_nameDef] was a free-trader, roving the Rim searching for deals and opportunities for profit. Until now, HE was flying a ship, making deals with colonies like these... I wonder what happened?</baseDescription>
    <slot>Adulthood</slot>
    <bodyTypeMale>Male</bodyTypeMale>
    <bodyTypeFemale>Female</bodyTypeFemale>
	  <bodyTypeGlobal>Thin</bodyTypeGlobal>
	<maleCommonality>10</maleCommonality>
	<femaleCommonality>10</femaleCommonality>
    <skillGains>
          <li>
        <defName>Melee</defName>
        <amount>6</amount>
      </li>
      <li>
        <defName>Social</defName>
        <amount>10</amount>
      </li>
      <li>
        <defName>Shooting</defName>
        <amount>2</amount>
      </li>
    </skillGains>
    <spawnCategories>
      <li>ZabrakBackstory</li>
    </spawnCategories>
    </AlienRace.BackstoryDef>

       <AlienRace.BackstoryDef>
    <defName>ZabrakRebelAdult</defName>
    <title>Rebel</title>
    <titleShort>Rebel</titleShort>
    <baseDescription>[PAWN_nameDef] is a rebellious free-spirit. /n Don't chain me down, man!</baseDescription>
    <slot>Adulthood</slot>
    <bodyTypeMale>Male</bodyTypeMale>
    <bodyTypeFemale>Female</bodyTypeFemale>
	  <maleCommonality>10</maleCommonality>
	  <femaleCommonality>10</femaleCommonality>
    <skillGains>
      <li>
        <defName>Melee</defName>
        <amount>6</amount>
      </li>
      <li>
        <defName>Social</defName>
        <amount>10</amount>
      </li>
      <li>
        <defName>Shooting</defName>
        <amount>2</amount>
      </li>
    </skillGains>
    <spawnCategories>
      <li>ZabrakBackstory</li>
    </spawnCategories>
    </AlienRace.BackstoryDef>

  <AlienRace.BackstoryDef>
    <defName>ZabrakFoodie</defName>
    <title>Gourmet</title>
    <titleShort>Gourmet</titleShort>
    <baseDescription>[PAWN_nameDef] loves cooking, and just about anything to do with food.</baseDescription>
    <slot>Adulthood</slot>
    <bodyTypeMale>Male</bodyTypeMale>
    <bodyTypeFemale>Female</bodyTypeFemale>
	  <bodyTypeGlobal>Fat</bodyTypeGlobal>
	  <maleCommonality>30</maleCommonality>
	  <femaleCommonality>32</femaleCommonality>
    <skillGains>
      <li>
        <defName>Melee</defName>
        <amount>6</amount>
      </li>
      <li>
        <defName>Cooking</defName>
        <amount>10</amount>
      </li>
      <li>
        <defName>Social</defName>
        <amount>2</amount>
      </li>
    </skillGains>
    <spawnCategories>
      <li>ZabrakBackstory</li>
    </spawnCategories>
    </AlienRace.BackstoryDef>

    <AlienRace.BackstoryDef>
    <defName>ZabrakRebelKid</defName>
    <title>Rebellious</title>
    <titleShort>Rebellious</titleShort>
    <baseDescription>[PAWN_nameDef] is a rebellious free-spirited child. A real firecracker!</baseDescription>
    <slot>Childhood</slot>
    <bodyTypeMale>Male</bodyTypeMale>
    <bodyTypeFemale>Female</bodyTypeFemale>
	  <maleCommonality>12</maleCommonality>
	  <femaleCommonality>13</femaleCommonality>
    <skillGains>
      <li>
        <defName>Melee</defName>
        <amount>6</amount>
      </li>
      <li>
        <defName>Social</defName>
        <amount>10</amount>
      </li>
      <li>
        <defName>Shooting</defName>
        <amount>2</amount>
      </li>
    </skillGains>
    <spawnCategories>
      <li>ZabrakBackstory</li>
    </spawnCategories>
    </AlienRace.BackstoryDef>

<AlienRace.BackstoryDef>
    <defName>ZabrakTracker</defName>
    <title>Tracker</title>
    <titleShort>Tracker</titleShort>
    <baseDescription>[PAWN_nameDef] is renowned among [PAWN_possessive] tribe for [PAWN_possessive] sharp senses, and is always called for when something elusive needs tracking.</baseDescription>
    <slot>Adulthood</slot>
    <bodyTypeMale>Male</bodyTypeMale>
    <bodyTypeFemale>Female</bodyTypeFemale>
	  <maleCommonality>20</maleCommonality>
	  <femaleCommonality>20</femaleCommonality>
    <skillGains>
      <li>
        <defName>Melee</defName>
        <amount>6</amount>
      </li>
      <li>
        <defName>Social</defName>
        <amount>10</amount>
      </li>
      <li>
        <defName>Shooting</defName>
        <amount>2</amount>
      </li>
    </skillGains>
    <spawnCategories>
      <li>ZabrakBackstory</li>
    </spawnCategories>
    </AlienRace.BackstoryDef>

    <AlienRace.BackstoryDef>
    <defName>ZabrakServant</defName>
    <title>Servant</title>
    <titleShort>Servant</titleShort>
    <baseDescription>[PAWN_nameDef] was a servant to a powerful leader. [PAWN_pronoun] was well-treated, and had a little free time to educate [PAWN_pronoun]self, and train some archery.</baseDescription>
    <slot>Adulthood</slot>
    <bodyTypeMale>Male</bodyTypeMale>
    <bodyTypeFemale>Female</bodyTypeFemale>
	  <bodyTypeGlobal>Thin</bodyTypeGlobal>
	  <maleCommonality>10</maleCommonality>
	  <femaleCommonality>10</femaleCommonality>
    <skillGains>
      <li>
        <defName>Plants</defName>
        <amount>6</amount>
      </li>
      <li>
        <defName>Cooking</defName>
        <amount>10</amount>
      </li>
      <li>
        <defName>Shooting</defName>
        <amount>4</amount>
      </li>
    </skillGains>
    <spawnCategories>
      <li>ZabrakBackstory</li>
    </spawnCategories>
    </AlienRace.BackstoryDef>

<AlienRace.BackstoryDef>
    <defName>ZabChildServant</defName>
    <title>Child servant</title>
    <titleShort>Servant</titleShort>
    <baseDescription>[PAWN_nameDef] was born and raised as a servent in the household of a powerful tribal leader. [PAWN_pronoun] learned all the basic skills from the tribal women who raised all the village's children.</baseDescription>
    <slot>Childhood</slot>
    <bodyTypeMale>Male</bodyTypeMale>
    <bodyTypeFemale>Female</bodyTypeFemale>
	  <maleCommonality>90</maleCommonality>
	  <femaleCommonality>90</femaleCommonality>
    <skillGains>
      <li>
        <defName>Melee</defName>
        <amount>4</amount>
      </li>
      <li>
        <defName>Crafting</defName>
        <amount>4</amount>
      </li>
      <li>
        <defName>Medicine</defName>
        <amount>2</amount>
      </li>
    </skillGains>
    <spawnCategories>
      <li>ZabrakBackstory</li>
    </spawnCategories>
    </AlienRace.BackstoryDef>

</Defs>
