﻿<?xml version="1.0" encoding="utf-8"?>
<Defs>

	<ScenarioDef>
	<defName>ZabrakScenariox</defName>
		<label>Lost Zabrak Tribe</label>
		<description>Your tribe was attacked by strange warriors made of metal. Your people fought bravely, but it was all they could do to stave off the attackers long enough for you to get away.

Note: Since you'll start poor and research slowly, this is a difficult scenario.</description>
<scenario>
<summary>Five lost tribal Zabrak attempt to rebuild. Difficult.</summary>
		<playerFaction>
			<def>PlayerFaction</def>
			<factionDef>ZabrakPlayerColonyTribal</factionDef>
		</playerFaction>
		<parts>
			<li Class="ScenPart_ConfigPage_ConfigureStartingPawns">
				<def>ConfigPage_ConfigureStartingPawns</def>
				<pawnCount>5</pawnCount>
			</li>
			<li Class="ScenPart_PlayerPawnsArriveMethod">
				<def>PlayerPawnsArriveMethod</def>
			</li>
			<li Class="ScenPart_ForcedHediff">
				<def>ForcedHediff</def>
				<chance>0.5</chance>
				<context>PlayerStarter</context>
				<hediff>Malnutrition</hediff>
				<severityRange>0.09166667~0.297</severityRange>
			</li>
			<li Class="ScenPart_SetNeedLevel">
				<def>SetNeedLevel</def>
				<chance>1</chance>
				<context>PlayerStarter</context>
				<need>Food</need>
				<levelRange>0~0.1</levelRange>
			</li>
			<li Class="ScenPart_StartingThing_Defined">
				<def>StartingThing_Defined</def>
				<thingDef>Silver</thingDef>
				<count>200</count>
			</li>
			<li Class="ScenPart_StartingThing_Defined">
				<def>StartingThing_Defined</def>
				<thingDef>Pemmican</thingDef>
				<count>300</count>
			</li>
			<li Class="ScenPart_StartingThing_Defined">
				<def>StartingThing_Defined</def>
				<thingDef>MedicineIndustrial</thingDef>
				<count>20</count>
			</li>
			<li Class="ScenPart_StartingThing_Defined">
				<def>StartingThing_Defined</def>
				<thingDef>MeleeWeapon_Club</thingDef>
				<stuff>WoodLog</stuff>
			</li>
			<li Class="ScenPart_StartingThing_Defined">
				<def>StartingThing_Defined</def>
				<thingDef>MeleeWeapon_Spear</thingDef>
				<stuff>WoodLog</stuff>
			</li>
			<li Class="ScenPart_StartingThing_Defined">
				<def>StartingThing_Defined</def>
				<thingDef>MeleeWeapon_Knife</thingDef>
				<stuff>Jade</stuff>
			</li>
			<li Class="ScenPart_StartingThing_Defined">
				<def>StartingThing_Defined</def>
				<thingDef>Bow_Short</thingDef>
				<count>2</count>
			</li>
			<li Class="ScenPart_StartingThing_Defined">
				<def>StartingThing_Defined</def>
				<thingDef>Pila</thingDef>
			</li>
			<li Class="ScenPart_StartingAnimal">
				<def>StartingAnimal</def>
				<count>3</count>
				<bondToRandomPlayerPawnChance>1</bondToRandomPlayerPawnChance>
			</li>
			<li Class="ScenPart_ScatterThingsNearPlayerStart">
				<def>ScatterThingsNearPlayerStart</def>
				<thingDef>WoodLog</thingDef>
				<count>500</count>
			</li>
			<li Class="ScenPart_GameStartDialog">
				<def>GameStartDialog</def>
				<text> The blood machines came at night. They swept through your village, cutting and burning your people with their blades and devil-fire. Their mysterious garbled language echoing through the darkness.

Only a few of you escaped. Now, after a harrowing journey on foot, with no close friends to turn to, you must build a new home in the wilderness, like your ancestors did.</text>
				<closeSound>GameStartSting</closeSound>
			</li>
		</parts>
		</scenario>
	</ScenarioDef>
</Defs>